<?xml version="1.0" encoding="UTF-8"?>
<project-private xmlns="http://www.netbeans.org/ns/project-private/1">
    <editor-bookmarks xmlns="http://www.netbeans.org/ns/editor-bookmarks/2" lastBookmarkId="0"/>
    <open-files xmlns="http://www.netbeans.org/ns/projectui-open-files/2">
        <group>
            <file>file:/C:/Users/zarin/Documents/NetBeansProjects/Internet_banking/src/internet_banking/LOGIN_PAGE.java</file>
            <file>file:/C:/Users/zarin/Documents/NetBeansProjects/Internet_banking/src/internet_banking/HOME_PAGE.java</file>
            <file>file:/C:/Users/zarin/Documents/NetBeansProjects/Internet_banking/src/internet_banking/MYPAGE.java</file>
            <file>file:/C:/Users/zarin/Documents/NetBeansProjects/Internet_banking/src/internet_banking/DEPOSIT.java</file>
            <file>file:/C:/Users/zarin/Documents/NetBeansProjects/Internet_banking/src/internet_banking/WITHDRAW.java</file>
            <file>file:/C:/Users/zarin/Documents/NetBeansProjects/Internet_banking/src/internet_banking/TRANSFER.java</file>
            <file>file:/C:/Users/zarin/Documents/NetBeansProjects/Internet_banking/src/internet_banking/REGISTER_PAGE.java</file>
            <file>file:/C:/Users/zarin/Documents/NetBeansProjects/Internet_banking/src/internet_banking/CHANGEPASSWORD_PAGE.java</file>
        </group>
    </open-files>
</project-private>
